insert into roles (name, description) values
  ('visitor', 'Visitatore pubblico senza account'),
  ('admin', 'Amministratore del portale'),
  ('operator', 'Operatore assistenza'),
  ('customer', 'Cliente approvato')
on conflict (name) do nothing;

-- Creare l'admin iniziale dopo aver generato un hash bcrypt reale.
-- Generazione rapida dalla cartella backend:
-- node -e "const bcrypt=require('bcryptjs'); bcrypt.hash('Admin123!',12).then(console.log)"
-- insert into users (email, password_hash, role_id, status, preferred_language)
-- select 'admin@example.com', 'HASH_BCRYPT_GENERATO', r.id, 'active', 'it'
-- from roles r where r.name = 'admin'
-- on conflict (email) do nothing;

insert into service_pages (language, slug, title, summary, body, features, sort_order) values
('it','reti-informatiche','Reti informatiche','Infrastrutture affidabili per connettere sedi, persone e servizi.','Progettiamo, proteggiamo e manteniamo reti LAN/WAN, server, firewall, VPN, Wi-Fi aziendale e ambienti virtualizzati con assistenza sistemistica continuativa.','["Infrastrutture LAN/WAN","Server","Firewall","VPN","Wi-Fi aziendale","Virtualizzazione","Assistenza sistemistica"]',1),
('it','elettronica','Elettronica','Consulenza e supporto tecnico per dispositivi e componenti.','Affianchiamo aziende industriali nella scelta, diagnostica e integrazione di dispositivi elettronici, componentistica e soluzioni custom.','["Consulenza elettronica","Dispositivi industriali","Componentistica","Diagnostica","Supporto tecnico"]',2),
('it','sicurezza','Sicurezza','Protezione fisica e digitale per l azienda.','Integriamo videosorveglianza, controllo accessi, sistemi antifurto, cybersecurity, backup e protezione dati in un approccio coordinato.','["Videosorveglianza","Controllo accessi","Sistemi antifurto","Cybersecurity","Backup e protezione dati"]',3),
('it','automazione','Automazione','Sistemi intelligenti per processi piu efficienti.','Realizziamo automazione industriale, integrazione dispositivi, controllo processi e sistemi intelligenti collegati ai dati aziendali.','["Automazione industriale","Integrazione dispositivi","Controllo processi","Sistemi intelligenti"]',4),
('it','wms','WMS','Gestione magazzino tracciabile e integrata.','Implementiamo soluzioni WMS con terminali barcode, integrazione ERP, dashboard, report e ottimizzazione logistica.','["Gestione magazzino","Tracciabilita","Terminali barcode","Integrazione ERP","Ottimizzazione logistica","Dashboard e report"]',5),
('it','energia-green','Energia green','Tecnologie sostenibili per produrre e monitorare energia.','Supportiamo progetti fotovoltaici con batterie, inverter, monitoraggio consumi e soluzioni energetiche sostenibili.','["Fotovoltaico","Batterie","Inverter","Monitoraggio consumi","Soluzioni sostenibili"]',6),
('it','portali-web','Portali web','Esperienze web multilingua con servizi online.','Sviluppiamo siti aziendali, portali multilingua, aree clienti, e-commerce, moduli online, calendari e prenotazioni.','["Siti aziendali","Portali multilingua","Area clienti","E-commerce","Moduli online","Calendari e prenotazioni"]',7),
('it','programmi-app','Programmi e app','Software su misura per lavoro quotidiano e integrazioni.','Creiamo software Windows, applicazioni web, app mobile, database SQL Server, integrazioni gestionali e reportistica.','["Software Windows","Applicazioni web","App mobile","Database SQL Server","Integrazioni gestionali","Reportistica"]',8),
('it','servizi','Servizi','Consulenza, assistenza e formazione per evolvere i processi.','Offriamo consulenza informatica, assistenza tecnica, formazione, analisi processi, progettazione soluzioni e supporto remoto.','["Consulenza informatica","Assistenza tecnica","Formazione","Analisi processi","Progettazione soluzioni","Supporto remoto"]',9),
('en','reti-informatiche','IT networks','Reliable infrastructure for sites, people and services.','We design, secure and maintain LAN/WAN networks, servers, firewalls, VPNs, corporate Wi-Fi and virtualized environments.','["LAN/WAN infrastructure","Servers","Firewalls","VPN","Corporate Wi-Fi","Virtualization","System support"]',1),
('en','elettronica','Electronics','Technical consulting and support for devices and components.','We support industrial companies in selecting, diagnosing and integrating electronic devices, components and custom solutions.','["Electronics consulting","Industrial devices","Components","Diagnostics","Technical support"]',2),
('en','sicurezza','Security','Physical and digital protection for your company.','We integrate video surveillance, access control, alarm systems, cybersecurity, backup and data protection.','["Video surveillance","Access control","Alarm systems","Cybersecurity","Backup and data protection"]',3),
('en','automazione','Automation','Smart systems for more efficient processes.','We build industrial automation, device integration, process control and intelligent data-connected systems.','["Industrial automation","Device integration","Process control","Smart systems"]',4),
('en','wms','WMS','Traceable and integrated warehouse management.','We implement WMS solutions with barcode terminals, ERP integration, dashboards, reports and logistics optimization.','["Warehouse management","Traceability","Barcode terminals","ERP integration","Logistics optimization","Dashboards and reports"]',5),
('en','energia-green','Green energy','Sustainable technology for energy production and monitoring.','We support photovoltaic projects with batteries, inverters, consumption monitoring and sustainable energy solutions.','["Photovoltaic","Batteries","Inverters","Consumption monitoring","Sustainable energy"]',6),
('en','portali-web','Web portals','Multilingual web experiences with online services.','We build company websites, multilingual portals, customer areas, e-commerce, online forms, calendars and bookings.','["Company websites","Multilingual portals","Customer area","E-commerce","Online forms","Calendars and bookings"]',7),
('en','programmi-app','Software and apps','Custom software for daily work and integrations.','We create Windows software, web applications, mobile apps, SQL Server databases, management integrations and reporting.','["Windows software","Web applications","Mobile apps","SQL Server databases","Business integrations","Reporting"]',8),
('en','servizi','Services','Consulting, support and training to improve processes.','We provide IT consulting, technical support, training, process analysis, solution design and remote assistance.','["IT consulting","Technical support","Training","Process analysis","Solution design","Remote support"]',9),
('es','reti-informatiche','Redes informaticas','Infraestructuras fiables para sedes, personas y servicios.','Disenamos, protegemos y mantenemos redes LAN/WAN, servidores, firewalls, VPN, Wi-Fi empresarial y entornos virtualizados.','["Infraestructuras LAN/WAN","Servidores","Firewalls","VPN","Wi-Fi empresarial","Virtualizacion","Asistencia de sistemas"]',1),
('es','elettronica','Electronica','Consultoria y soporte tecnico para dispositivos y componentes.','Ayudamos a empresas industriales en seleccion, diagnostico e integracion de dispositivos electronicos, componentes y soluciones a medida.','["Consultoria electronica","Dispositivos industriales","Componentes","Diagnostico","Soporte tecnico"]',2),
('es','sicurezza','Seguridad','Proteccion fisica y digital para la empresa.','Integramos videovigilancia, control de accesos, alarmas, ciberseguridad, backup y proteccion de datos.','["Videovigilancia","Control de accesos","Alarmas","Ciberseguridad","Backup y proteccion de datos"]',3),
('es','automazione','Automatizacion','Sistemas inteligentes para procesos mas eficientes.','Realizamos automatizacion industrial, integracion de dispositivos, control de procesos y sistemas inteligentes conectados a datos.','["Automatizacion industrial","Integracion de dispositivos","Control de procesos","Sistemas inteligentes"]',4),
('es','wms','WMS','Gestion de almacen trazable e integrada.','Implementamos soluciones WMS con terminales barcode, integracion ERP, dashboards, informes y optimizacion logistica.','["Gestion de almacen","Trazabilidad","Terminales barcode","Integracion ERP","Optimizacion logistica","Dashboards e informes"]',5),
('es','energia-green','Energia verde','Tecnologias sostenibles para producir y monitorizar energia.','Apoyamos proyectos fotovoltaicos con baterias, inversores, monitorizacion de consumos y soluciones energeticas sostenibles.','["Fotovoltaico","Baterias","Inversores","Monitorizacion de consumos","Soluciones sostenibles"]',6),
('es','portali-web','Portales web','Experiencias web multilingues con servicios online.','Desarrollamos sitios empresariales, portales multilingues, areas clientes, e-commerce, formularios online, calendarios y reservas.','["Sitios empresariales","Portales multilingues","Area clientes","E-commerce","Formularios online","Calendarios y reservas"]',7),
('es','programmi-app','Programas y apps','Software a medida para trabajo diario e integraciones.','Creamos software Windows, aplicaciones web, apps moviles, bases de datos SQL Server, integraciones e informes.','["Software Windows","Aplicaciones web","Apps moviles","Bases SQL Server","Integraciones empresariales","Informes"]',8),
('es','servizi','Servicios','Consultoria, asistencia y formacion para evolucionar procesos.','Ofrecemos consultoria informatica, asistencia tecnica, formacion, analisis de procesos, diseno de soluciones y soporte remoto.','["Consultoria informatica","Asistencia tecnica","Formacion","Analisis de procesos","Diseno de soluciones","Soporte remoto"]',9)
on conflict (language, slug) do nothing;

insert into news (language, slug, title, excerpt, body, category, status, show_on_home, published_at)
values
('it','nuovo-portale-clienti','Nuovo portale clienti','Un unico punto di accesso per ticket, documenti e comunicazioni.','Il nuovo portale migliora la relazione con i clienti grazie ad area riservata, ticket e contenuti multilingua.','Azienda','published',true,now()),
('en','new-customer-portal','New customer portal','A single access point for tickets, documents and communications.','The new portal improves customer relationships with reserved areas, tickets and multilingual content.','Company','published',true,now()),
('es','nuevo-portal-clientes','Nuevo portal clientes','Un unico punto de acceso para tickets, documentos y comunicaciones.','El nuevo portal mejora la relacion con clientes mediante area reservada, tickets y contenido multilingue.','Empresa','published',true,now())
on conflict (language, slug) do nothing;
